Block size, Scaling factor bitwidth, Quantisation bitwidth, Mean EVM, Compression rate,CR/EVM
64,16,13,"0,425481","1,207547","2,8380750257"
64,15,13,"0,425481","1,208973","2,8414265267"
64,14,13,"0,425481","1,210402","2,8447850785"
75,16,13,"0,426102","1,210898","2,8418031363"
64,13,13,"0,425481","1,211834","2,8481506812"
80,16,13,"0,426191","1,212121","2,8440792978"
75,15,13,"0,426102","1,212121","2,8446733411"
80,15,13,"0,426191","1,21327","2,8467752721"
75,14,13,"0,426102","1,213347","2,8475505865"
80,14,13,"0,426191","1,214421","2,8494759392"
75,13,13,"0,426102","1,214575","2,8504325255"
96,16,13,"0,427091","1,21519","2,8452718507"
80,13,13,"0,426191","1,215575","2,8521836454"
100,16,13,"0,427236","1,215805","2,8457456769"
96,15,13,"0,427091","1,216152","2,8475242981"
100,15,13,"0,427236","1,21673","2,8479107566"
96,14,13,"0,427091","1,217116","2,8497814283"
100,14,13,"0,427236","1,217656","2,8500781769"
96,13,13,"0,427091","1,218081","2,8520408999"
120,16,13,"0,428211","1,218274","2,8450320052"
100,13,13,"0,427236","1,218583","2,8522479379"
128,16,13,"0,428885","1,219048","2,8423656691"
120,15,13,"0,428211","1,219048","2,8468395254"
128,15,13,"0,428885","1,219774","2,8440584306"
120,14,13,"0,428211","1,219822","2,8486470455"
128,14,13,"0,428885","1,220501","2,8457535237"
120,13,13,"0,428211","1,220598","2,8504592362"
150,16,13,"0,430152","1,220753","2,8379572802"
128,13,13,"0,428885","1,221228","2,8474486168"
160,16,13,"0,431281","1,221374","2,8319680208"
150,15,13,"0,430152","1,221374","2,8394009559"
160,15,13,"0,431281","1,221957","2,8333198077"
150,14,13,"0,430152","1,221996","2,8408469564"
160,14,13,"0,431281","1,222541","2,8346739133"
150,13,13,"0,430152","1,222618","2,8422929569"
192,16,13,"0,433557","1,22293","2,8206902437"
160,13,13,"0,431281","1,223125","2,8360280189"
200,16,13,"0,434057","1,223242","2,8181598269"
192,15,13,"0,433557","1,223417","2,8218135101"
200,15,13,"0,434057","1,223709","2,8192357225"
192,14,13,"0,433557","1,223904","2,8229367765"
200,14,13,"0,434057","1,224178","2,8203162257"
192,13,13,"0,433557","1,224392","2,8240623494"
240,16,13,"0,436652","1,22449","2,8042697617"
200,13,13,"0,434057","1,224646","2,8213944252"
256,16,13,"0,437931","1,22488","2,796970299"
240,15,13,"0,436652","1,22488","2,8051629215"
256,15,13,"0,437931","1,225247","2,7978083305"
240,14,13,"0,436652","1,225271","2,8060583714"
256,14,13,"0,437931","1,225613","2,7986440786"
240,13,13,"0,436652","1,225662","2,8069538213"
300,16,13,"0,440923","1,225741","2,7799434368"
256,13,13,"0,437931","1,22598","2,7994821102"
320,16,13,"0,442685","1,226054","2,769585597"
300,15,13,"0,440923","1,226054","2,7806533113"
320,15,13,"0,442685","1,226347","2,7702474672"
300,14,13,"0,440923","1,226367","2,7813631859"
320,14,13,"0,442685","1,226641","2,7709115963"
300,13,13,"0,440923","1,22668","2,7820730604"
384,16,13,"0,447209","1,226837","2,7433191192"
320,13,13,"0,442685","1,226935","2,7715757254"
400,16,13,"0,448572","1,226994","2,7353334582"
384,15,13,"0,447209","1,227082","2,7438669615"
400,15,13,"0,448572","1,227229","2,7358573429"
384,14,13,"0,447209","1,227327","2,7444148038"
400,14,13,"0,448572","1,227465","2,7363834568"
384,13,13,"0,447209","1,227572","2,7449626461"
480,16,13,"0,453498","1,227621","2,7070042205"
400,13,13,"0,448572","1,2277","2,7369073415"
512,16,13,"0,456209","1,227818","2,691349798"
480,15,13,"0,453498","1,227818","2,7074386216"
512,15,13,"0,456209","1,228002","2,6917531219"
480,14,13,"0,453498","1,228014","2,7078708175"
512,14,13,"0,456209","1,228186","2,6921564458"
480,13,13,"0,453498","1,22821","2,7083030135"
600,16,13,"0,462124","1,22825","2,6578364249"
512,13,13,"0,456209","1,22837","2,6925597698"
640,16,13,"0,465713","1,228407","2,6376910243"
600,15,13,"0,462124","1,228407","2,6581761605"
640,15,13,"0,465713","1,228554","2,6380066693"
600,14,13,"0,462124","1,228564","2,6585158962"
640,14,13,"0,465713","1,228702","2,6383244616"
600,13,13,"0,462124","1,228721","2,6588556318"
768,16,13,"0,474491","1,2288","2,5897224605"
640,13,13,"0,465713","1,228849","2,6386401067"
800,16,13,"0,477663","1,228879","2,5726903696"
768,15,13,"0,474491","1,228923","2,5899816856"
800,15,13,"0,477663","1,228997","2,5729374057"
768,14,13,"0,474491","1,229046","2,5902409108"
800,14,13,"0,477663","1,229115","2,5731844418"
768,13,13,"0,474491","1,229169","2,5905001359"
960,16,13,"0,483914","1,229193","2,5401062999"
800,13,13,"0,477663","1,229233","2,5734314778"
1024,16,13,"0,490277","1,229292","2,507341768"
960,15,13,"0,483914","1,229292","2,5403108817"
1024,15,13,"0,490277","1,229384","2,507529417"
960,14,13,"0,483914","1,22939","2,540513397"
1024,14,13,"0,490277","1,229476","2,5077170661"
960,13,13,"0,483914","1,229489","2,5407179788"
1200,16,13,"0,503624","1,229508","2,4413213032"
1024,13,13,"0,490277","1,229568","2,5079047151"
1280,16,13,"0,50614","1,229587","2,4293416841"
1200,15,13,"0,503624","1,229587","2,4414781663"
1280,15,13,"0,50614","1,229661","2,4294878887"
1200,14,13,"0,503624","1,229666","2,4416350293"
1280,14,13,"0,50614","1,229735","2,4296340933"
1200,13,13,"0,503624","1,229744","2,4417899068"
1536,16,13,"0,517622","1,229784","2,3758341029"
1280,13,13,"0,50614","1,229808","2,4297783222"
1600,16,13,"0,521899","1,229823","2,3564386979"
1536,15,13,"0,517622","1,229845","2,3759519495"
1600,15,13,"0,521899","1,229882","2,3565517466"
1536,14,13,"0,517622","1,229907","2,376071728"
1600,14,13,"0,521899","1,229941","2,3566647953"
1536,13,13,"0,517622","1,229968","2,3761895746"
1920,16,13,"0,534252","1,229981","2,3022487515"
1600,13,13,"0,521899","1,23","2,356777844"
2048,16,13,"0,540519","1,23003","2,2756461845"
1920,15,13,"0,534252","1,23003","2,3023404685"
2048,15,13,"0,540519","1,230076","2,2757312879"
1920,14,13,"0,534252","1,230079","2,3024321856"
2048,14,13,"0,540519","1,230122","2,2758163913"
1920,13,13,"0,534252","1,230129","2,3025257744"
2400,16,13,"0,556889","1,230138","2,2089464866"
2048,13,13,"0,540519","1,230169","2,2759033447"
2560,16,13,"0,562577","1,230178","2,1866837784"
2400,15,13,"0,556889","1,230178","2,2090183142"
2560,15,13,"0,562577","1,230215","2,1867495472"
2400,14,13,"0,556889","1,230217","2,2090883462"
2560,14,13,"0,562577","1,230252","2,1868153159"
2400,13,13,"0,556889","1,230257","2,2091601738"
3072,16,13,"0,566833","1,230276","2,1704382067"
2560,13,13,"0,562577","1,230289","2,1868810847"
3200,16,13,"0,568682","1,230296","2,1634164612"
3072,15,13,"0,566833","1,230307","2,1704928965"
3200,15,13,"0,568682","1,230326","2,1634692148"
3072,14,13,"0,566833","1,230338","2,1705475863"
3200,14,13,"0,568682","1,230355","2,1635202099"
3072,13,13,"0,566833","1,230369","2,1706022762"
3840,16,13,"0,575597","1,230375","2,1375632604"
3200,13,13,"0,568682","1,230385","2,1635729634"
4096,16,13,"0,586232","1,2304","2,0988277678"
3840,15,13,"0,575597","1,2304","2,1376066936"
4096,15,13,"0,586232","1,230423","2,0988670015"
3840,14,13,"0,575597","1,230424","2,1376483894"
4096,14,13,"0,586232","1,230446","2,0989062351"
3840,13,13,"0,575597","1,230449","2,1376918226"
4800,16,13,"0,595878","1,230454","2,0649428239"
4096,13,13,"0,586232","1,230469","2,0989454687"
5120,16,13,"0,600798","1,230473","2,0480644077"
4800,15,13,"0,595878","1,230473","2,0649747096"
5120,15,13,"0,600798","1,230492","2,0480960323"
4800,14,13,"0,595878","1,230493","2,0650082735"
5120,14,13,"0,600798","1,23051","2,0481259924"
4800,13,13,"0,595878","1,230513","2,0650418374"
6144,16,13,"0,5919","1,230523","2,0789373205"
5120,13,13,"0,600798","1,230529","2,048157617"
6400,16,13,"0,60353","1,230533","2,0388928471"
6144,15,13,"0,5919","1,230538","2,0789626626"
6400,15,13,"0,60353","1,230547","2,0389160439"
6144,14,13,"0,5919","1,230554","2,0789896942"
6400,14,13,"0,60353","1,230562","2,0389408977"
6144,13,13,"0,5919","1,230569","2,0790150363"
7680,16,13,"0,614677","1,230572","2,0019815285"
6400,13,13,"0,60353","1,230577","2,0389657515"
7680,15,13,"0,614677","1,230584","2,002001051"
7680,14,13,"0,614677","1,230597","2,0020222003"
7680,13,13,"0,614677","1,230609","2,0020417227"
9600,16,13,"0,618715","1,230611","1,9889787705"
10240,16,13,"0,624982","1,230621","1,9690503086"
9600,15,13,"0,618715","1,230621","1,988994933"
10240,15,13,"0,624982","1,230631","1,9690663091"
9600,14,13,"0,618715","1,230631","1,9890110956"
10240,14,13,"0,624982","1,23064","1,9690807095"
9600,13,13,"0,618715","1,230641","1,9890272581"
12288,16,13,"0,624983","1,230646","1,9690871592"
10240,13,13,"0,624982","1,230649","1,9690951099"
12800,16,13,"0,624978","1,230651","1,9691109127"
12288,15,13,"0,624983","1,230654","1,9690999595"
12800,15,13,"0,624978","1,230658","1,9691221131"
12288,14,13,"0,624983","1,230661","1,9691111598"
12800,14,13,"0,624978","1,230666","1,9691349135"
12288,13,13,"0,624983","1,230669","1,9691239602"
15360,16,13,"0,624978","1,230671","1,9691429138"
12800,13,13,"0,624978","1,230673","1,9691461139"
15360,15,13,"0,624978","1,230677","1,9691525142"
15360,14,13,"0,624978","1,230683","1,9691621145"
15360,13,13,"0,624978","1,230689","1,9691717148"
19200,16,13,"0,624974","1,23069","1,9691859181"
20480,16,13,"0,624977","1,230695","1,969184466"
19200,15,13,"0,624974","1,230695","1,9691939185"
20480,15,13,"0,624977","1,2307","1,9691924663"
19200,14,13,"0,624974","1,2307","1,9692019188"
20480,14,13,"0,624977","1,230705","1,9692004666"
19200,13,13,"0,624974","1,230705","1,9692099191"
20480,13,13,"0,624977","1,230709","1,9692068668"
25600,16,13,"0,624974","1,23071","1,9692179195"
25600,15,13,"0,624974","1,230714","1,9692243197"
25600,14,13,"0,624974","1,230717","1,9692291199"
30720,16,13,"0,624974","1,23072","1,9692339201"
25600,13,13,"0,624974","1,230721","1,9692355202"
30720,15,13,"0,624974","1,230723","1,9692387203"
30720,14,13,"0,624974","1,230726","1,9692435205"
30720,13,13,"0,624974","1,230729","1,9692483207"
38400,16,13,"0,624971","1,23073","1,9692593736"
38400,15,13,"0,624971","1,230732","1,9692625738"
38400,14,13,"0,624971","1,230735","1,969267374"
38400,13,13,"0,624971","1,230737","1,9692705742"
51200,16,13,"0,624969","1,23074","1,9692816764"
51200,15,13,"0,624969","1,230741","1,9692832765"
51200,14,13,"0,624969","1,230743","1,9692864766"
51200,13,13,"0,624969","1,230745","1,9692896768"
61440,16,13,"0,624966","1,230745","1,9692991299"
61440,15,13,"0,624966","1,230746","1,96930073"
61440,14,13,"0,624966","1,230748","1,9693039301"
61440,13,13,"0,624966","1,230749","1,9693055302"
76800,16,13,"0,624968","1,23075","1,9693008282"
76800,15,13,"0,624968","1,230751","1,9693024283"
76800,14,13,"0,624968","1,230752","1,9693040284"
76800,13,13,"0,624968","1,230753","1,9693056284"
102400,16,13,"0,624966","1,230754","1,9693135307"
102400,15,13,"0,624966","1,230755","1,9693151307"
102400,14,13,"0,624966","1,230756","1,9693167308"
102400,13,13,"0,624966","1,230757","1,9693183309"
153600,16,13,"0,624967","1,230759","1,96931838"
153600,15,13,"0,624967","1,23076","1,9693199801"
153600,13,13,"0,624967","1,230761","1,9693215802"
153600,14,13,"0,624967","1,230761","1,9693215802"
307200,16,13,"0,624966","1,230764","1,9693295315"
307200,13,13,"0,624966","1,230765","1,9693311316"
307200,14,13,"0,624966","1,230765","1,9693311316"
307200,15,13,"0,624966","1,230765","1,9693311316"
64,16,12,"1,699519","1,306122","0,7685245061"
64,15,12,"1,699519","1,307791","0,7695065486"
64,14,12,"1,699519","1,309463","0,7704903564"
75,16,12,"1,701661","1,310044","0,7698619173"
64,13,12,"1,699519","1,31114","0,7714771062"
80,16,12,"1,70249","1,311475","0,770327579"
75,15,12,"1,701661","1,311475","0,7707028603"
80,15,12,"1,70249","1,312821","0,7711181857"
64,12,12,"1,699519","1,312821","0,7724662096"
75,14,12,"1,701661","1,31291","0,771546154"
80,14,12,"1,70249","1,314168","0,7719093798"
75,13,12,"1,701661","1,314348","0,7723912107"
96,16,12,"1,70584","1,315068","0,7709210711"
80,13,12,"1,70249","1,315519","0,7727029234"
100,16,12,"1,706379","1,315789","0,7711000897"
75,12,12,"1,701661","1,315789","0,7732380304"
96,15,12,"1,70584","1,316195","0,7715817427"
100,15,12,"1,706379","1,316872","0,771734767"
80,12,12,"1,70249","1,316872","0,7734976417"
96,14,12,"1,70584","1,317324","0,7722435867"
100,14,12,"1,706379","1,317957","0,7723706164"
96,13,12,"1,70584","1,318455","0,7729066032"
120,16,12,"1,710372","1,318681","0,7709907552"
100,13,12,"1,706379","1,319044","0,7730076378"
128,16,12,"1,713036","1,319588","0,7703212308"
120,15,12,"1,710372","1,319588","0,7715210492"
96,12,12,"1,70584","1,319588","0,7735707921"
100,12,12,"1,706379","1,320132","0,7736452453"
128,15,12,"1,713036","1,320438","0,7708174259"
120,14,12,"1,710372","1,320495","0,7720513432"
128,14,12,"1,713036","1,32129","0,7713147885"
120,13,12,"1,710372","1,321404","0,7725828065"
150,16,12,"1,717454","1,321586","0,7695029969"
128,13,12,"1,713036","1,322143","0,7718127348"
160,16,12,"1,72223","1,322314","0,7677917584"
150,15,12,"1,717454","1,322314","0,7699268801"
120,12,12,"1,710372","1,322314","0,7731148545"
160,15,12,"1,72223","1,322997","0,7681883372"
128,12,12,"1,713036","1,322997","0,7723112649"
150,14,12,"1,717454","1,323043","0,7703513457"
160,14,12,"1,72223","1,323681","0,7685854967"
150,13,12,"1,717454","1,323773","0,7707763934"
192,16,12,"1,731955","1,324138","0,7645337206"
160,13,12,"1,72223","1,324366","0,7689832368"
200,16,12,"1,733412","1,324503","0,7641016677"
150,12,12,"1,717454","1,324503","0,7712014412"
192,15,12,"1,731955","1,324709","0,7648634058"
200,15,12,"1,733412","1,325052","0,7644183841"
160,12,12,"1,72223","1,325052","0,7693815576"
192,14,12,"1,731955","1,32528","0,765193091"
200,14,12,"1,733412","1,325601","0,7647351005"
192,13,12,"1,731955","1,325852","0,7655233537"
240,16,12,"1,744246","1,325967","0,7601949496"
200,13,12,"1,733412","1,32615","0,7650518169"
256,16,12,"1,749033","1,326425","0,7583761999"
240,15,12,"1,744246","1,326425","0,7604575272"
192,12,12,"1,731955","1,326425","0,7658541937"
200,12,12,"1,733412","1,3267","0,7653691102"
256,15,12,"1,749033","1,326855","0,75862205"
240,14,12,"1,744246","1,326883","0,7607201048"
256,14,12,"1,749033","1,327285","0,7588679001"
240,13,12,"1,744246","1,327342","0,7609832558"
300,16,12,"1,761117","1,327434","0,7537454922"
256,13,12,"1,749033","1,327715","0,7591137503"
320,16,12,"1,767081","1,327801","0,751409245"
300,15,12,"1,761117","1,327801","0,7539538827"
240,12,12,"1,744246","1,327801","0,7612464068"
320,15,12,"1,767081","1,328145","0,7516039163"
256,12,12,"1,749033","1,328145","0,7593596004"
300,14,12,"1,761117","1,328168","0,7541622731"
320,14,12,"1,767081","1,32849","0,7517991535"
300,13,12,"1,761117","1,328536","0,7543712314"
384,16,12,"1,787164","1,32872","0,7434796135"
320,13,12,"1,767081","1,328835","0,7519943907"
400,16,12,"1,792283","1,328904","0,7414587986"
300,12,12,"1,761117","1,328904","0,7545801897"
384,15,12,"1,787164","1,329007","0,7436402031"
400,15,12,"1,792283","1,32918","0,7416127922"
320,12,12,"1,767081","1,32918","0,752189628"
384,14,12,"1,787164","1,329295","0,7438013523"
400,14,12,"1,792283","1,329456","0,7417667857"
384,13,12,"1,787164","1,329582","0,7439619419"
480,16,12,"1,811343","1,32964","0,7340630681"
400,13,12,"1,792283","1,329732","0,7419207793"
512,16,12,"1,822757","1,32987","0,7295925897"
480,15,12,"1,811343","1,32987","0,7341900457"
384,12,12,"1,787164","1,32987","0,7441230911"
400,12,12,"1,792283","1,330008","0,7420747728"
512,15,12,"1,822757","1,330086","0,7297110915"
480,14,12,"1,811343","1,3301","0,7343170233"
512,14,12,"1,822757","1,330302","0,7298295933"
480,13,12,"1,811343","1,330331","0,734444553"
600,16,12,"1,845848","1,330377","0,7207402776"
512,13,12,"1,822757","1,330518","0,7299480951"
640,16,12,"1,859573","1,330561","0,7155196381"
600,15,12,"1,845848","1,330561","0,7208399608"
480,12,12,"1,811343","1,330561","0,7345715306"
640,15,12,"1,859573","1,330734","0,7156126702"
512,12,12,"1,822757","1,330734","0,7300665969"
600,14,12,"1,845848","1,330746","0,7209401858"
640,14,12,"1,859573","1,330907","0,7157057023"
600,13,12,"1,845848","1,33093","0,7210398689"
768,16,12,"1,896599","1,331023","0,7017946334"
640,13,12,"1,859573","1,33108","0,7157987344"
800,16,12,"1,908064","1,331115","0,6976259706"
600,12,12,"1,845848","1,331115","0,7211400939"
768,15,12,"1,896599","1,331167","0,7018705588"
800,15,12,"1,908064","1,331253","0,6976982952"
640,12,12,"1,859573","1,331253","0,7158917666"
768,14,12,"1,896599","1,331311","0,7019464842"
800,14,12,"1,908064","1,331392","0,6977711439"
768,13,12,"1,896599","1,331455","0,7020224096"
960,16,12,"1,933683","1,331484","0,6885740838"
800,13,12,"1,908064","1,33153","0,6978434686"
1024,16,12,"1,960343","1,331599","0,6792683729"
960,15,12,"1,933683","1,331599","0,6886335558"
768,12,12,"1,896599","1,331599","0,702098335"
800,12,12,"1,908064","1,331669","0,6979163173"
1024,15,12,"1,960343","1,331708","0,6793239754"
960,14,12,"1,933683","1,331715","0,6886935449"
1024,14,12,"1,960343","1,331816","0,6793790678"
960,13,12,"1,933683","1,33183","0,6887530169"
1200,16,12,"2,012951","1,331853","0,661642037"
1024,13,12,"1,960343","1,331924","0,6794341602"
1280,16,12,"2,022921","1,331946","0,6584270963"
1200,15,12,"2,012951","1,331946","0,6616882378"
960,12,12,"1,933683","1,331946","0,6888130061"
1280,15,12,"2,022921","1,332033","0,6584701034"
1024,12,12,"1,960343","1,332033","0,6794897628"
1200,14,12,"2,012951","1,332038","0,6617339419"
1280,14,12,"2,022921","1,332119","0,6585126162"
1200,13,12,"2,012951","1,332131","0,6617801427"
1536,16,12,"2,068884","1,332177","0,6439109201"
1280,13,12,"2,022921","1,332206","0,6585556233"
1600,16,12,"2,086121","1,332223","0,6386125254"
1200,12,12,"2,012951","1,332223","0,6618258467"
1536,15,12,"2,068884","1,332249","0,6439457215"
1600,15,12,"2,086121","1,332292","0,6386456011"
1280,12,12,"2,022921","1,332292","0,6585981361"
1536,14,12,"2,068884","1,332321","0,6439805228"
1600,14,12,"2,086121","1,332362","0,6386791562"
1536,13,12,"2,068884","1,332394","0,6440158076"
1920,16,12,"2,134105","1,332408","0,6243404144"
1600,13,12,"2,086121","1,332431","0,6387122319"
2048,16,12,"2,159802","1,332466","0,6169389601"
1920,15,12,"2,134105","1,332466","0,624367592"
1536,12,12,"2,068884","1,332466","0,6440506089"
1600,12,12,"2,086121","1,332501","0,638745787"
2048,15,12,"2,159802","1,33252","0,6169639624"
1920,14,12,"2,134105","1,332524","0,6243947697"
2048,14,12,"2,159802","1,332574","0,6169889647"
1920,13,12,"2,134105","1,332581","0,6244214788"
2400,16,12,"2,225316","1,332593","0,5988331545"
2048,13,12,"2,159802","1,332628","0,617013967"
2560,16,12,"2,248726","1,332639","0,5926195544"
2400,15,12,"2,225316","1,332639","0,5988538257"
1920,12,12,"2,134105","1,332639","0,6244486565"
2560,15,12,"2,248726","1,332683","0,592639121"
2048,12,12,"2,159802","1,332683","0,6170394323"
2400,14,12,"2,225316","1,332686","0,5988749463"
2560,14,12,"2,248726","1,332726","0,5926582429"
2400,13,12,"2,225316","1,332732","0,5988956175"
3072,16,12,"2,26553","1,332755","0,5882751497"
2560,13,12,"2,248726","1,332769","0,5926773649"
3200,16,12,"2,273291","1,332778","0,5862768999"
2400,12,12,"2,225316","1,332778","0,5989162887"
3072,15,12,"2,26553","1,332791","0,5882910401"
3200,15,12,"2,273291","1,332813","0,5862922961"
2560,12,12,"2,248726","1,332813","0,5926969315"
3072,14,12,"2,26553","1,332827","0,5883069304"
3200,14,12,"2,273291","1,332847","0,5863072523"
3072,13,12,"2,26553","1,332863","0,5883228207"
3840,16,12,"2,300234","1,332871","0,5794501777"
3200,13,12,"2,273291","1,332882","0,5863226485"
4096,16,12,"2,343263","1,332899","0,5688217669"
3840,15,12,"2,300234","1,332899","0,5794623504"
3072,12,12,"2,26553","1,332899","0,588338711"
3200,12,12,"2,273291","1,332917","0,5863380447"
4096,15,12,"2,343263","1,332927","0,5688337161"
3840,14,12,"2,300234","1,332928","0,5794749578"
4096,14,12,"2,343263","1,332954","0,5688452385"
3840,13,12,"2,300234","1,332957","0,5794875652"
4800,16,12,"2,381848","1,332963","0,5596339481"
4096,13,12,"2,343263","1,332981","0,5688567609"
5120,16,12,"2,40211","1,332986","0,5549229636"
4800,15,12,"2,381848","1,332986","0,5596436045"
3840,12,12,"2,300234","1,332986","0,5795001726"
5120,15,12,"2,40211","1,333008","0,5549321222"
4096,12,12,"2,343263","1,333008","0,5688682832"
4800,14,12,"2,381848","1,333009","0,5596532608"
5120,14,12,"2,40211","1,33303","0,5549412808"
4800,13,12,"2,381848","1,333032","0,5596629172"
6144,16,12,"2,366046","1,333044","0,5634057833"
5120,13,12,"2,40211","1,333051","0,5549500231"
6400,16,12,"2,412821","1,333056","0,5524885601"
4800,12,12,"2,381848","1,333056","0,5596729934"
6144,15,12,"2,366046","1,333062","0,5634133909"
6400,15,12,"2,412821","1,333073","0,5524956058"
5120,12,12,"2,40211","1,333073","0,5549591817"
6144,14,12,"2,366046","1,33308","0,5634209986"
6400,14,12,"2,412821","1,33309","0,5525026515"
6144,13,12,"2,366046","1,333098","0,5634286062"
7680,16,12,"2,457115","1,333102","0,5425476626"
6400,13,12,"2,412821","1,333108","0,5525101116"
7680,15,12,"2,457115","1,333116","0,5425533603"
6144,12,12,"2,366046","1,333116","0,5634362138"
6400,12,12,"2,412821","1,333125","0,5525171573"
7680,14,12,"2,457115","1,333131","0,5425594651"
7680,13,12,"2,457115","1,333145","0,5425651628"
9600,16,12,"2,473687","1,333148","0,5389315625"
10240,16,12,"2,499293","1,33316","0,5334148497"
9600,15,12,"2,473687","1,33316","0,5389364135"
7680,12,12,"2,457115","1,33316","0,5425712675"
10240,15,12,"2,499293","1,333171","0,533419251"
9600,14,12,"2,473687","1,333171","0,5389408603"
10240,14,12,"2,499293","1,333181","0,5334232521"
9600,13,12,"2,473687","1,333183","0,5389457114"
12288,16,12,"2,499295","1,333189","0,5334260261"
10240,13,12,"2,499293","1,333192","0,5334276533"
12800,16,12,"2,499267","1,333194","0,5334340028"
9600,12,12,"2,473687","1,333194","0,5389501582"
12288,15,12,"2,499295","1,333198","0,5334296272"
10240,12,12,"2,499293","1,333203","0,5334320546"
12800,15,12,"2,499267","1,333203","0,5334376039"
12288,14,12,"2,499295","1,333207","0,5334332282"
12800,14,12,"2,499267","1,333212","0,533441205"
12288,13,12,"2,499295","1,333216","0,5334368292"
15360,16,12,"2,499276","1,333218","0,5334416847"
12800,13,12,"2,499267","1,33322","0,5334444059"
12288,12,12,"2,499295","1,333225","0,5334404302"
15360,15,12,"2,499276","1,333225","0,5334444855"
12800,12,12,"2,499267","1,333229","0,533448007"
15360,14,12,"2,499276","1,333232","0,5334472863"
15360,13,12,"2,499276","1,333239","0,5334500871"
19200,16,12,"2,499257","1,333241","0,5334549428"
15360,12,12,"2,499276","1,333247","0,5334532881"
20480,16,12,"2,499273","1,333247","0,5334539284"
19200,15,12,"2,499257","1,333247","0,5334573435"
20480,15,12,"2,499273","1,333252","0,533455929"
19200,14,12,"2,499257","1,333252","0,5334593441"
20480,14,12,"2,499273","1,333257","0,5334579296"
19200,13,12,"2,499257","1,333258","0,5334617448"
20480,13,12,"2,499273","1,333263","0,5334603303"
19200,12,12,"2,499257","1,333264","0,5334641455"
25600,16,12,"2,499256","1,333264","0,533464359"
20480,12,12,"2,499273","1,333268","0,5334623308"
25600,15,12,"2,499256","1,333268","0,5334659595"
25600,14,12,"2,499256","1,333273","0,5334679601"
30720,16,12,"2,49926","1,333275","0,5334679065"
25600,13,12,"2,499256","1,333277","0,5334695605"
30720,15,12,"2,49926","1,333279","0,533469507"
25600,12,12,"2,499256","1,333281","0,533471161"
30720,14,12,"2,49926","1,333283","0,5334711074"
30720,13,12,"2,49926","1,333286","0,5334723078"
38400,16,12,"2,499242","1,333287","0,5334765501"
30720,12,12,"2,49926","1,33329","0,5334739083"
38400,15,12,"2,499242","1,33329","0,5334777505"
38400,14,12,"2,499242","1,333293","0,5334789508"
38400,13,12,"2,499242","1,333296","0,5334801512"
38400,12,12,"2,499242","1,333299","0,5334813515"
51200,16,12,"2,499235","1,333299","0,5334828458"
51200,15,12,"2,499235","1,333301","0,533483646"
51200,14,12,"2,499235","1,333303","0,5334844462"
61440,16,12,"2,499223","1,333304","0,5334874079"
51200,13,12,"2,499235","1,333305","0,5334852465"
61440,15,12,"2,499223","1,333306","0,5334882081"
51200,12,12,"2,499235","1,333307","0,5334860467"
61440,14,12,"2,499223","1,333308","0,5334890084"
76800,16,12,"2,499234","1,33331","0,5334874606"
61440,13,12,"2,499223","1,33331","0,5334898086"
76800,15,12,"2,499234","1,333312","0,5334882608"
61440,12,12,"2,499223","1,333312","0,5334906089"
76800,14,12,"2,499234","1,333313","0,5334886609"
76800,13,12,"2,499234","1,333315","0,5334894612"
76800,12,12,"2,499234","1,333316","0,5334898613"
102400,16,12,"2,499229","1,333316","0,5334909286"
102400,15,12,"2,499229","1,333317","0,5334913287"
102400,14,12,"2,499229","1,333318","0,5334917288"
102400,13,12,"2,499229","1,333319","0,533492129"
102400,12,12,"2,499229","1,33332","0,5334925291"
153600,15,12,"2,499233","1,333322","0,5334924755"
153600,16,12,"2,499233","1,333322","0,5334924755"
153600,14,12,"2,499233","1,333323","0,5334928756"
153600,13,12,"2,499233","1,333324","0,5334932757"
153600,12,12,"2,499233","1,333325","0,5334936759"
307200,14,12,"2,499229","1,333328","0,5334957301"
307200,15,12,"2,499229","1,333328","0,5334957301"
307200,16,12,"2,499229","1,333328","0,5334957301"
307200,12,12,"2,499229","1,333329","0,5334961302"
307200,13,12,"2,499229","1,333329","0,5334961302"
64,16,11,"6,799205","1,422222","0,2091747491"
64,15,11,"6,799205","1,4242","0,2094656655"
64,14,11,"6,799205","1,426184","0,2097574643"
75,16,11,"6,809479","1,426873","0,2095421691"
64,13,11,"6,799205","1,428173","0,2100499985"
80,16,11,"6,811062","1,428571","0,2097427685"
75,15,11,"6,809479","1,428571","0,2097915274"
80,15,11,"6,811062","1,430168","0,20997724"
64,12,11,"6,799205","1,430168","0,2103434151"
75,14,11,"6,809479","1,430274","0,2100416199"
80,14,11,"6,811062","1,431767","0,2102120051"
75,13,11,"6,809479","1,431981","0,2102922999"
64,11,11,"6,799205","1,432168","0,2106375672"
96,16,11,"6,824787","1,432836","0,2099458928"
80,13,11,"6,811062","1,433371","0,2104475044"
100,16,11,"6,826649","1,433692","0,2100140201"
75,12,11,"6,809479","1,433692","0,2105435673"
96,15,11,"6,824787","1,434174","0,2101419429"
100,15,11,"6,826649","1,434978","0,2102023994"
80,12,11,"6,811062","1,434978","0,2106834441"
75,11,11,"6,809479","1,435407","0,2107954221"
96,14,11,"6,824787","1,435514","0,210338286"
100,14,11,"6,826649","1,436266","0,2103910718"
80,11,11,"6,811062","1,436588","0,2109198243"
96,13,11,"6,824787","1,436857","0,2105350687"
120,16,11,"6,843292","1,437126","0,2100050677"
100,13,11,"6,826649","1,437556","0,2105800371"
128,16,11,"6,853376","1,438202","0,209853071"
120,15,11,"6,843292","1,438202","0,210162302"
96,12,11,"6,824787","1,438202","0,2107321445"
100,12,11,"6,826649","1,438849","0,2107694419"
128,15,11,"6,853376","1,439213","0,2100005895"
120,14,11,"6,843292","1,43928","0,2103198285"
96,11,11,"6,824787","1,43955","0,2109296598"
100,11,11,"6,826649","1,440144","0,2109591397"
128,14,11,"6,853376","1,440225","0,2101482539"
120,13,11,"6,843292","1,44036","0,2104776473"
150,16,11,"6,873567","1,440576","0,2095820118"
128,13,11,"6,853376","1,441239","0,2102962102"
160,16,11,"6,889329","1,441441","0,2092280685"
150,15,11,"6,873567","1,441441","0,2097078562"
120,12,11,"6,843292","1,441441","0,2106356122"
160,15,11,"6,889329","1,442254","0,2093460771"
128,12,11,"6,853376","1,442254","0,2104443124"
150,14,11,"6,873567","1,442308","0,2098339916"
120,11,11,"6,843292","1,442524","0,2107938694"
160,14,11,"6,889329","1,443067","0,2094640857"
150,13,11,"6,873567","1,443175","0,209960127"
128,11,11,"6,853376","1,44327","0,2105925605"
192,16,11,"6,928662","1,443609","0,2083532145"
160,13,11,"6,889329","1,44388","0,2095820943"
200,16,11,"6,933807","1,444043","0,2082612048"
150,12,11,"6,873567","1,444043","0,2100864078"
192,15,11,"6,928662","1,444288","0,2084512132"
200,15,11,"6,933807","1,444695","0,2083552369"
160,12,11,"6,889329","1,444695","0,2097003932"
150,11,11,"6,873567","1,444913","0,2102129797"
192,14,11,"6,928662","1,444967","0,208549212"
200,14,11,"6,933807","1,445348","0,2084494131"
160,11,11,"6,889329","1,445511","0,2098188372"
192,13,11,"6,928662","1,445647","0,208647355"
240,16,11,"6,978256","1,445783","0,2071840013"
200,13,11,"6,933807","1,446001","0,2085435894"
256,16,11,"6,999148","1,446328","0,2066434372"
240,15,11,"6,978256","1,446328","0,207262101"
192,12,11,"6,928662","1,446328","0,2087456424"
200,12,11,"6,933807","1,446655","0,2086379099"
256,15,11,"6,999148","1,446839","0,2067164461"
240,14,11,"6,978256","1,446873","0,2073402008"
192,11,11,"6,928662","1,447009","0,2088439298"
200,11,11,"6,933807","1,447309","0,2087322304"
256,14,11,"6,999148","1,44735","0,2067894549"
240,13,11,"6,978256","1,447418","0,2074183005"
300,16,11,"7,046715","1,447527","0,2054186951"
256,13,11,"6,999148","1,447861","0,2068624638"
320,16,11,"7,071775","1,447964","0,2047525551"
300,15,11,"7,046715","1,447964","0,2054807098"
240,12,11,"6,978256","1,447964","0,2074965435"
320,15,11,"7,071775","1,448373","0,2048103906"
256,12,11,"6,999148","1,448373","0,2069356156"
300,14,11,"7,046715","1,448401","0,2055427245"
240,11,11,"6,978256","1,44851","0,2075747866"
320,14,11,"7,071775","1,448783","0,2048683676"
300,13,11,"7,046715","1,448838","0,2056047392"
256,11,11,"6,999148","1,448886","0,2070089102"
384,16,11,"7,152897","1,449057","0,2025832331"
320,13,11,"7,071775","1,449193","0,2049263445"
400,16,11,"7,171697","1,449275","0,2020825754"
300,12,11,"7,046715","1,449275","0,2056667539"
384,15,11,"7,152897","1,449398","0,2026309061"
400,15,11,"7,171697","1,449604","0,2021284502"
320,12,11,"7,071775","1,449604","0,2049844629"
300,11,11,"7,046715","1,449713","0,2057289106"
384,14,11,"7,152897","1,44974","0,2026787188"
400,14,11,"7,171697","1,449932","0,2021741856"
320,11,11,"7,071775","1,450014","0,2050424398"
384,13,11,"7,152897","1,450083","0,2027266714"
480,16,11,"7,248981","1,450151","0,2000489448"
400,13,11,"7,171697","1,450261","0,2022200603"
512,16,11,"7,294067","1,450425","0,1988499694"
480,15,11,"7,248981","1,450425","0,2000867432"
384,12,11,"7,152897","1,450425","0,2027744842"
400,12,11,"7,171697","1,450589","0,2022657957"
512,15,11,"7,294067","1,450682","0,1988852035"
480,14,11,"7,248981","1,450699","0,2001245416"
384,11,11,"7,152897","1,450767","0,202822297"
400,11,11,"7,171697","1,450918","0,2023116704"
512,14,11,"7,294067","1,450939","0,1989204377"
480,13,11,"7,248981","1,450973","0,2001623401"
600,16,11,"7,386973","1,451028","0,1964306625"
512,13,11,"7,294067","1,451196","0,1989556718"
640,16,11,"7,443271","1,451247","0,1949743601"
600,15,11,"7,386973","1,451247","0,1964603092"
480,12,11,"7,248981","1,451247","0,2002001385"
640,15,11,"7,443271","1,451453","0,1950020361"
512,12,11,"7,294067","1,451453","0,1989909059"
600,14,11,"7,386973","1,451467","0,1964900914"
480,11,11,"7,248981","1,451521","0,2002379369"
640,14,11,"7,443271","1,451659","0,1950297121"
600,13,11,"7,386973","1,451686","0,1965197382"
512,11,11,"7,294067","1,45171","0,19902614"
768,16,11,"7,590105","1,451796","0,1912748243"
640,13,11,"7,443271","1,451864","0,1950572537"
800,16,11,"7,638175","1,451906","0,1900854589"
600,12,11,"7,386973","1,451906","0,1965495204"
768,15,11,"7,590105","1,451967","0,1912973536"
800,15,11,"7,638175","1,45207","0,19010693"
640,12,11,"7,443271","1,45207","0,1950849297"
600,11,11,"7,386973","1,452125","0,1965791671"
768,14,11,"7,590105","1,452139","0,1913200147"
800,14,11,"7,638175","1,452235","0,190128532"
640,11,11,"7,443271","1,452276","0,1951126057"
768,13,11,"7,590105","1,452311","0,1913426758"
960,16,11,"7,740114","1,452345","0,1876387092"
800,13,11,"7,638175","1,4524","0,190150134"
1024,16,11,"7,84478","1,452482","0,1851526748"
960,15,11,"7,740114","1,452482","0,1876564092"
768,12,11,"7,590105","1,452482","0,1913652051"
800,12,11,"7,638175","1,452565","0,190171736"
1024,15,11,"7,84478","1,452611","0,1851691188"
960,14,11,"7,740114","1,45262","0,1876742384"
768,11,11,"7,590105","1,452654","0,1913878662"
800,11,11,"7,638175","1,45273","0,1901933381"
1024,14,11,"7,84478","1,45274","0,1851855629"
960,13,11,"7,740114","1,452757","0,1876919384"
1024,13,11,"7,84478","1,452869","0,1852020069"
960,12,11,"7,740114","1,452894","0,1877096384"
1024,12,11,"7,84478","1,452998","0,185218451"
960,11,11,"7,740114","1,453032","0,1877274676"
1024,11,11,"7,84478","1,453126","0,1852347676"
